fe_count,best_error
180,9.2242937838e+03
3177,8.9709321958e+02
5666,4.0042450546e+02
7923,2.4342513896e+02
10018,2.0986616000e+02
11987,2.0172001342e+02
13850,2.0037701049e+02
15625,2.0008867903e+02
17324,2.0001954452e+02
18952,2.0000477724e+02
20521,2.0000119360e+02
22033,2.0000026346e+02
23495,2.0000005131e+02
24909,2.0000001460e+02
26280,2.0000000415e+02
27612,2.0000000083e+02
28903,2.0000000022e+02
30161,2.0000000006e+02
31384,2.0000000001e+02
32575,2.0000000000e+02
33737,2.0000000000e+02
34871,2.0000000000e+02
35977,2.0000000000e+02
37057,2.0000000000e+02
38112,2.0000000000e+02
39143,2.0000000000e+02
40151,2.0000000000e+02
41138,2.0000000000e+02
41379,2.0000000000e+02
44235,2.0000000000e+02
46497,2.0000000000e+02
48500,2.0000000000e+02
50325,2.0000000000e+02
52015,1.1366296901e+02
53593,1.0471701751e+02
55079,1.0134331407e+02
56482,1.0033326078e+02
57814,1.0007336060e+02
59084,1.0001888508e+02
60296,1.0000454295e+02
61456,1.0000127094e+02
62568,1.0000032988e+02
63635,1.0000008992e+02
64663,1.0000002531e+02
65652,1.0000000478e+02
66608,1.0000000158e+02
67527,1.0000000030e+02
68416,1.0000000007e+02
69276,1.0000000001e+02
70109,1.0000000001e+02
70915,1.0000000000e+02
71696,1.0000000000e+02
72453,1.0000000000e+02
73187,1.0000000000e+02
73900,1.0000000000e+02
74594,1.0000000000e+02
75269,1.0000000000e+02
75921,1.0000000000e+02
76557,1.0000000000e+02
77179,1.0000000000e+02
77420,1.0000000000e+02
79887,1.0000000000e+02
81661,1.0000000000e+02
83148,1.0000000000e+02
83389,1.0000000000e+02
85718,1.0000000000e+02
87325,1.0000000000e+02
88637,1.0000000000e+02
89755,1.0000000000e+02
89996,1.0000000000e+02
92083,1.0000000000e+02
93401,1.0000000000e+02
94423,1.0000000000e+02
95253,1.0000000000e+02
95948,1.0000000000e+02
96537,1.0000000000e+02
97043,1.0000000000e+02
97482,1.0000000000e+02
97864,1.0000000000e+02
98200,1.0000000000e+02
98493,1.0000000000e+02
98753,1.0000000000e+02
98984,1.0000000000e+02
99188,1.0000000000e+02
99368,1.0000000000e+02
99529,1.0000000000e+02
99677,1.0000000000e+02
99802,1.0000000000e+02
99919,1.0000000000e+02
100000,1.0000000000e+02
