algorithm,function,dimension,mean,median,std,best,worst,mean_restarts,mean_time
CARS,21,10,0.0,0.0,0.0,0.0,0.0,2.0,13.531795382499695
NL-SHADE,21,10,100.39096468418097,100.39096468418097,0.3909597558601945,100.00000492832078,100.78192444004117,0.0,12.5189208984375
NL-SHADE-R,21,10,50.392402334611006,50.392402334611006,50.392402334611006,0.0,100.78480466922201,4.5,12.329716444015503
jSO,21,10,100.78329748054466,100.78329748054466,0.0013730405039495963,100.78192444004071,100.78467052104861,0.0,12.548661351203918
